participant_id,mlu_words,mlu_morphemes,ttr,total_tokens,ndw,n_utterances
ACWT01a,4.708,4.908,0.3661,407,149,65
ACWT02a,6.694,7.066,0.4255,919,391,121
ACWT03a,2.806,3.028,0.4775,111,53,36
ACWT04a,7.468,7.87,0.3625,662,240,77
ACWT05a,2.667,1.922,0.2857,196,56,51
ACWT07a,5.304,5.848,0.3916,286,112,46
ACWT08a,2.236,2.582,0.1836,207,38,55
ACWT09a,3.803,3.893,0.2156,2301,496,488
ACWT10a,3.904,3.787,0.2742,507,139,94
ACWT11a,5.369,5.823,0.2226,1770,394,260
ACWT12a,6.239,7.353,0.2807,1703,478,238
adler01a,6.599,7.44,0.2399,1726,414,207
adler02a,5.606,6.317,0.1297,2860,371,360
adler03a,8.596,9.96,0.2396,1444,346,151
adler04a,6.516,7.621,0.3274,730,239,95
adler05a,6.059,7.178,0.2834,1496,424,219
adler06a,6.69,7.833,0.3761,593,223,84
adler07a,7.643,9.012,0.1784,3402,607,423
adler08a,6.25,6.85,0.2469,875,216,120
adler09a,9.161,8.175,0.1711,2291,392,217
adler10a,3.037,2.822,0.3268,407,133,107
adler11a,1.485,1.243,0.1822,214,39,103
adler12a,8.312,8.701,0.2885,1279,369,144
adler13a,2.74,2.412,0.1218,1108,135,277
adler14a,6.191,6.564,0.251,1721,432,236
adler15a,6.115,7.172,0.2126,3043,647,453
adler16a,6.225,6.506,0.25,676,169,89
adler17a,6.244,6.821,0.2199,2619,576,357
adler18a,6.632,7.015,0.3303,542,179,68
adler19a,3.814,3.698,0.3871,186,72,43
adler20a,7.269,8.151,0.338,935,316,119
adler21a,5.321,5.765,0.282,1156,326,187
adler22a,8.417,9.795,0.2932,1320,387,127
adler23a,5.342,6.168,0.2125,1595,339,202
adler24a,8.133,8.967,0.3428,528,181,60
adler25a,5.075,5.019,0.2956,1228,363,160
Baycrest10306a,12.075,14.194,0.3709,906,336,67
Baycrest10347a,9.122,10.898,0.3684,950,350,98
Baycrest10599a,10.282,12.282,0.307,1583,486,149
Baycrest10631a,8.838,10.473,0.4306,757,326,74
Baycrest10668a,10.875,12.857,0.4219,647,273,56
Baycrest11257a,9.287,10.815,0.352,1017,358,108
Baycrest1144a,9.049,10.621,0.2361,2228,526,224
Baycrest11752a,11.251,13.497,0.2827,2006,567,171
Baycrest11841a,8.96,10.892,0.3109,1663,517,176
Baycrest12073a,7.678,9.191,0.3151,1260,397,152
Baycrest12158a,10.207,12.086,0.4867,637,310,58
Baycrest12269a,10.126,12.189,0.3096,1095,339,95
Baycrest12272a,9.596,11.615,0.4227,556,235,52
Baycrest12370a,6.977,8.477,0.4735,340,161,44
Baycrest2571a,8.093,9.56,0.3963,646,256,75
Baycrest6819a,8.455,9.941,0.267,1820,486,202
Baycrest7522a,7.516,8.835,0.365,726,265,91
Baycrest7546a,11.023,13.295,0.4184,533,223,44
Baycrest8149a,10.058,11.942,0.4193,601,252,52
Baycrest8673a,8.539,10.191,0.3964,772,306,89
Baycrest10450a,5.789,6.684,0.2496,585,146,95
Baycrest10634a,6.546,7.699,0.2535,1483,376,216
Baycrest10827a,8.491,10.018,0.2879,1087,313,114
Baycrest11154a,6.908,8.109,0.2803,1402,393,174
Baycrest11254a,2.917,3.303,0.2462,390,96,109
Baycrest11458a,3.4,4.133,0.2102,628,132,105
Baycrest12072a,5.673,6.735,0.4833,329,159,49
Baycrest12207a,2.508,2.984,0.239,205,49,61
Baycrest12288a,5.977,6.988,0.2262,1282,290,172
Baycrest12307a,7.041,8.29,0.2961,1199,355,145
Baycrest12308a,4.783,5.391,0.4739,249,118,46
Baycrest12331a,7.754,9.0,0.2948,1211,357,138
Baycrest9336a,6.461,7.303,0.2461,1333,328,165
Baycrest9772a,8.033,9.667,0.4549,277,126,30
BU01a,8.109,9.242,0.186,3570,664,393
BU02a,5.322,5.522,0.2715,733,199,90
BU03a,8.423,8.577,0.3257,743,242,71
BU04a,5.619,6.253,0.1923,2413,464,367
BU05a,5.524,6.014,0.2311,1441,333,208
BU06a,10.229,11.386,0.3139,857,269,70
BU07a,4.79,4.725,0.24,921,221,167
BU08a,3.901,3.851,0.3061,758,232,141
BU09a,8.116,9.344,0.1465,3973,582,439
BU10a,5.257,5.174,0.2527,1464,370,253
BU11a,8.801,9.605,0.1919,3669,704,382
BU12a,7.729,8.436,0.2427,1908,463,188
capilouto01a,10.853,12.831,0.2951,1569,463,136
capilouto02a,8.871,10.109,0.2948,1462,431,147
capilouto03a,9.922,11.953,0.3269,1291,422,129
capilouto04a,12.297,14.387,0.2741,1401,384,111
capilouto05a,11.138,13.057,0.357,1423,508,123
capilouto06a,9.233,10.783,0.2889,1824,527,189
capilouto07a,9.728,11.495,0.2871,1818,522,184
capilouto08a,7.8,9.028,0.2522,2593,654,320
capilouto09a,9.98,11.122,0.4362,525,229,49
capilouto10a,10.162,12.106,0.291,2072,603,198
capilouto11a,11.817,13.793,0.2637,2780,733,213
capilouto12a,9.006,10.767,0.2715,1532,416,163
capilouto13a,12.187,14.366,0.2864,1655,474,123
capilouto14a,9.541,11.23,0.3971,758,301,74
capilouto15a,8.918,9.871,0.2506,2562,642,279
capilouto16a,9.49,10.365,0.3351,958,321,96
capilouto17a,9.586,11.092,0.2618,2701,707,273
capilouto18a,12.474,14.464,0.3042,1272,387,97
capilouto19a,8.48,9.598,0.3433,935,321,102
capilouto20a,8.834,9.939,0.2793,1636,457,181
capilouto21a,10.199,11.683,0.3231,1696,548,161
capilouto22a,8.601,10.112,0.2534,2348,595,258
capilouto23a,9.331,11.22,0.3297,1180,389,118
capilouto24a,11.688,13.516,0.3225,1563,504,128
capilouto25a,9.083,10.564,0.2663,2039,543,218
capilouto26a,9.014,10.611,0.3201,1340,429,144
capilouto27a,13.173,15.514,0.2602,2560,666,185
capilouto28a,9.257,10.743,0.2599,1685,438,167
capilouto29a,10.079,11.808,0.2895,1865,540,177
capilouto30a,9.663,11.372,0.3804,857,326,86
capilouto31a,8.139,9.513,0.2939,1545,454,187
capilouto32a,8.716,10.49,0.3017,1773,535,194
capilouto33a,8.968,10.079,0.2407,2638,635,277
capilouto34a,9.958,11.504,0.2862,1279,366,119
capilouto35a,8.739,10.131,0.339,1811,614,199
capilouto36a,7.901,9.007,0.3404,1187,404,141
capilouto37a,9.222,10.3,0.4048,872,353,90
capilouto38a,9.278,10.623,0.3333,1560,520,151
capilouto39a,7.644,8.867,0.2923,1813,530,225
capilouto40a,8.767,10.123,0.2696,2370,639,253
capilouto41a,7.209,8.205,0.258,2004,517,268
capilouto42a,9.497,10.624,0.2928,1643,481,165
capilouto43a,9.357,10.275,0.2706,2228,603,207
capilouto44a,10.59,11.775,0.2268,4431,1005,400
capilouto45a,7.792,8.942,0.3224,1247,402,154
capilouto46a,10.825,11.886,0.3466,1281,444,114
capilouto47a,7.788,8.795,0.3558,1200,427,146
capilouto48a,8.268,9.589,0.3297,1638,540,190
capilouto49a,7.611,8.369,0.3209,1209,388,149
capilouto50a,8.583,9.826,0.2687,1920,516,218
capilouto51a,10.672,11.934,0.3043,2047,623,183
capilouto52a,8.355,8.936,0.3066,972,298,110
capilouto53a,8.54,9.682,0.2656,1777,472,176
capilouto54a,10.393,12.089,0.3615,1217,440,112
capilouto55a,9.835,10.789,0.2637,2810,741,279
capilouto56a,8.712,10.065,0.22,2859,629,323
capilouto57a,9.205,10.92,0.2354,2651,624,263
capilouto58a,8.304,9.719,0.2464,2155,531,253
capilouto59a,7.671,8.866,0.2979,1910,569,246
capilouto60a,8.433,9.657,0.2791,2211,617,245
capilouto61a,7.897,8.917,0.3372,1278,431,156
capilouto62a,8.398,9.841,0.1882,3417,643,389
capilouto63a,8.016,9.39,0.3333,1029,343,123
capilouto64a,9.844,11.39,0.3965,797,316,77
capilouto65a,6.821,8.011,0.2158,3986,860,571
capilouto66a,9.908,11.153,0.267,2056,549,196
capilouto67a,9.743,11.129,0.2232,3185,711,319
capilouto68a,10.62,11.755,0.2721,1981,539,163
capilouto77a,8.75,9.453,0.4118,595,245,64
capilouto78a,10.076,11.222,0.2714,1798,488,171
capilouto79a,7.621,8.862,0.3848,1133,436,145
capilouto80a,8.004,8.944,0.2856,2255,644,268
fridriksson01a,4.977,5.93,0.413,247,102,43
fridriksson10a,2.565,2.87,0.3571,70,25,23
fridriksson13a,3.483,4.69,0.434,106,46,29
tucson14a,2.652,3.043,0.3168,161,51,46
tucson15a,5.308,6.538,0.4021,281,113,52
williamson21a,2.0,2.2,0.4375,32,14,15
cmu01a,5.742,6.53,0.265,1019,270,151
cmu01b,5.657,6.241,0.2684,935,251,137
cmu02a,2.525,2.496,0.2786,481,134,139
cmu02b,3.219,2.978,0.3638,525,191,137
cmu03a,6.537,7.195,0.3257,651,212,82
fridriksson01a,5.503,5.913,0.245,1796,440,286
fridriksson02a,5.456,5.98,0.2874,1249,359,204
fridriksson03a,3.766,3.594,0.2591,911,236,192
fridriksson03b,2.118,1.941,0.3883,206,80,68
fridriksson04a,6.321,6.972,0.3623,726,263,109
fridriksson05a,7.413,8.4,0.2629,1236,325,155
fridriksson06a,3.693,3.498,0.226,1071,242,241
fridriksson06b,3.667,3.284,0.3307,626,207,141
fridriksson07a,7.581,8.192,0.2242,2177,488,260
fridriksson08b,1.674,1.721,0.359,78,28,43
fridriksson09a,5.178,4.511,0.2885,1026,296,180
fridriksson09b,4.514,5.096,0.3743,724,271,146
fridriksson10a,1.742,1.893,0.3278,479,157,225
fridriksson10b,2.36,2.198,0.4906,265,130,86
fridriksson11a,8.633,9.74,0.2634,1591,419,169
fridriksson12a,4.333,4.783,0.2135,1218,260,258
fridriksson13a,4.064,5.154,0.3646,724,264,156
garrett01a,4.408,5.0,0.2946,784,231,157
garrett02a,6.274,6.795,0.4405,504,222,73
kansas01a,3.115,3.808,0.2927,123,36,26
kansas02a,2.067,1.867,0.3443,61,21,15
kansas03a,7.607,8.459,0.4231,527,223,61
kansas04a,10.82,12.126,0.2818,1306,368,111
kansas05a,8.588,9.962,0.2352,1365,321,131
kansas06a,1.571,1.429,0.15,80,12,28
kansas07a,8.647,10.147,0.2739,1340,367,150
kansas08a,1.35,2.05,0.4878,41,20,20
kansas09a,3.382,2.527,0.3364,217,73,55
kansas10a,6.027,7.027,0.2086,2603,543,409
kansas11a,9.186,10.394,0.2144,2714,582,264
kansas12a,4.535,4.887,0.3394,439,149,71
kansas13a,4.23,3.752,0.3134,635,199,113
kansas14a,7.262,8.461,0.1881,1786,336,191
kansas15a,7.566,8.747,0.2776,1596,443,182
kansas16a,4.365,3.173,0.163,362,59,52
kansas17a,5.032,5.016,0.3341,413,138,63
kansas18a,7.475,8.188,0.3275,632,207,80
kansas19a,5.44,6.181,0.2789,950,265,166
kansas20a,7.47,7.75,0.2819,1135,320,132
kansas21a,10.01,9.172,0.257,1175,302,99
kansas22a,4.691,5.191,0.3503,748,262,136
kansas23a,7.983,9.203,0.4277,519,222,59
kempler01a,9.0,10.696,0.4353,742,323,79
kempler02a,6.464,4.321,0.2706,473,128,56
kempler03a,4.433,4.764,0.2642,863,228,157
kempler04a,3.729,4.335,0.2657,700,186,155
kurland01a,6.955,8.003,0.1931,2082,402,291
kurland01b,6.495,7.284,0.1373,3510,482,525
kurland01c,7.092,8.465,0.1401,3755,526,512
kurland01d,7.082,8.264,0.2159,1695,366,220
kurland01e,6.706,7.855,0.1942,1900,369,269
kurland01f,6.316,7.622,0.153,3014,461,465
kurland02a,2.824,2.8,0.2732,377,103,85
kurland02b,4.621,4.391,0.2711,498,135,87
kurland02c,3.511,4.068,0.3016,378,114,88
kurland02d,7.429,7.429,0.6,70,42,7
kurland02e,4.87,5.783,0.3712,132,49,23
kurland02f,4.231,5.365,0.297,266,79,52
kurland02g,4.627,5.672,0.3441,340,117,67
kurland03a,6.636,7.475,0.3527,774,273,99
kurland03b,6.463,7.287,0.3153,831,262,108
kurland04a,7.618,8.843,0.293,884,259,102
kurland04b,8.495,9.747,0.3457,865,299,91
kurland05a,9.716,11.191,0.2746,1832,503,162
kurland05b,8.898,10.379,0.284,1757,499,177
kurland06a,9.748,10.942,0.2539,1678,426,155
kurland06b,8.257,9.556,0.3083,1252,386,144
kurland07a,5.447,6.461,0.2457,1388,341,219
kurland07b,5.867,6.678,0.3384,662,224,90
kurland07c,5.33,6.223,0.3459,688,238,103
kurland07d,5.133,6.295,0.3038,665,202,105
kurland08a,9.292,9.083,0.3469,542,188,48
kurland08b,8.333,8.614,0.3236,550,178,57
kurland08c,7.552,8.284,0.3623,599,217,67
kurland09a,4.417,4.431,0.3895,344,134,72
kurland09b,4.8,4.467,0.458,262,120,45
kurland09c,4.184,3.868,0.4583,192,88,38
kurland09d,3.789,4.158,0.3681,163,60,38
kurland10a,7.771,9.016,0.2669,1776,474,188
kurland10b,7.718,8.847,0.3696,782,289,85
kurland12a,7.43,8.446,0.2324,2560,595,316
kurland12b,7.009,7.71,0.2852,1606,458,217
kurland12c,7.914,9.082,0.2521,2015,508,243
kurland12d,7.237,8.47,0.2423,2068,501,270
kurland13a,3.877,4.086,0.321,377,121,81
kurland13b,3.74,3.986,0.3035,346,105,73
kurland13c,4.122,4.098,0.4037,218,88,41
kurland13d,4.54,5.08,0.4154,260,108,50
kurland14a,7.632,9.126,0.2109,1669,352,174
kurland14b,8.854,10.379,0.2767,1106,306,103
kurland15a,1.759,1.204,0.2986,144,43,54
kurland15b,1.92,1.88,0.4487,78,35,25
kurland15c,1.905,1.381,0.2946,129,38,42
kurland15d,1.5,1.292,0.3673,49,18,24
kurland15e,1.25,1.125,0.5625,16,9,8
kurland16a,9.432,10.899,0.2852,1529,436,139
kurland16b,7.913,9.116,0.3693,761,281,69
kurland16c,11.435,13.419,0.3358,816,274,62
kurland16d,7.964,9.445,0.248,1121,278,137
kurland17a,8.326,9.936,0.2873,1267,364,141
kurland17b,8.95,10.5,0.4577,201,92,20
kurland17c,7.376,8.851,0.2632,1265,333,141
kurland17d,7.949,9.564,0.3221,975,314,117
kurland17e,9.162,10.812,0.3136,759,238,80
kurland18a,5.901,6.634,0.3104,683,212,101
kurland18b,6.092,6.9,0.2961,851,252,130
kurland18c,6.436,7.547,0.2738,778,213,117
kurland18d,7.818,8.886,0.3399,353,120,44
kurland19a,3.438,3.764,0.3278,421,138,89
kurland19b,2.571,2.762,0.4342,76,33,21
kurland19c,3.368,3.529,0.3408,314,107,68
kurland19d,2.273,2.707,0.2742,372,102,99
kurland19e,2.284,2.657,0.3907,215,84,67
kurland20a,7.628,8.74,0.2212,1894,419,215
kurland21a,3.508,3.119,0.3759,274,103,59
kurland21b,3.514,4.405,0.4671,167,78,37
kurland21c,5.176,5.824,0.3306,363,120,51
kurland21d,4.03,5.152,0.4914,175,86,33
kurland21e,4.081,4.535,0.3486,459,160,86
kurland22a,2.104,2.417,0.4407,118,52,48
kurland22b,2.042,2.542,0.5645,62,35,24
kurland22c,2.533,2.3,0.4821,112,54,30
kurland22d,2.692,2.769,0.8,45,36,13
kurland22e,2.037,2.148,0.4925,67,33,27
kurland23a,8.174,9.795,0.1498,4420,662,454
kurland23b,7.838,9.455,0.1916,2296,440,222
kurland23c,8.347,10.012,0.2344,1775,416,170
kurland23d,9.804,11.533,0.2259,1288,291,107
kurland23e,8.0,9.411,0.2535,1436,364,146
kurland24a,6.345,7.741,0.4073,410,167,58
kurland24b,5.476,6.619,0.3507,519,182,84
kurland24c,7.593,8.963,0.3674,460,169,54
kurland24d,8.188,9.688,0.4371,302,132,32
kurland24e,8.064,9.577,0.3344,649,217,78
kurland25a,10.306,12.336,0.2726,1662,453,134
kurland25b,10.14,11.86,0.288,1486,428,121
kurland25c,9.38,11.0,0.2904,1412,410,121
kurland25d,10.688,12.469,0.3591,841,302,64
kurland25e,9.556,11.238,0.3273,724,237,63
kurland26a,7.132,8.27,0.2856,1250,357,152
kurland26b,7.812,9.188,0.3806,578,220,64
kurland26c,7.803,9.148,0.373,614,229,61
kurland26d,7.475,8.8,0.4167,372,155,40
kurland26e,7.146,8.344,0.3253,750,244,96
kurland27a,7.211,8.658,0.245,2216,543,266
kurland27b,8.086,9.757,0.373,622,232,70
kurland27c,8.0,9.365,0.3426,861,295,96
kurland27d,8.207,9.879,0.319,1050,335,116
kurland27e,9.434,11.272,0.2852,1427,407,136
kurland28a,7.425,8.747,0.2724,1487,405,186
kurland28b,11.156,13.178,0.3993,546,218,45
kurland28c,7.853,9.179,0.3428,846,290,95
kurland28d,8.985,10.418,0.3515,660,232,67
kurland29a,2.823,3.073,0.2742,423,116,96
kurland29b,4.178,4.598,0.3576,604,216,107
kurland29c,3.546,3.899,0.2682,686,184,119
kurland29d,5.415,5.798,0.2721,691,188,94
kurland29e,3.925,4.382,0.3052,1173,358,241
MSUC01a,9.062,10.575,0.2817,1537,433,160
MSUC01b,10.144,11.644,0.2778,1706,474,160
MSUC02a,8.918,10.5,0.3454,1109,383,110
MSUC02b,8.793,10.257,0.2692,1683,453,179
MSUC03a,8.42,9.953,0.3115,1958,610,212
MSUC03b,8.753,10.332,0.2438,3646,889,376
MSUC04a,12.505,14.546,0.3517,1251,440,97
MSUC04b,12.319,14.354,0.3424,1437,492,113
MSUC05a,12.103,14.084,0.2772,1952,541,155
MSUC05b,10.658,12.598,0.2558,2404,615,219
MSUC06a,9.021,10.746,0.3037,1307,397,142
MSUC06b,9.347,10.96,0.2919,1439,420,150
MSUC07a,11.393,13.252,0.309,1262,390,107
MSUC07b,12.538,14.594,0.3028,1377,417,106
MSUC08a,10.764,12.382,0.3082,1814,559,157
MSUC08b,9.754,11.419,0.2873,2179,626,203
MSUC09a,10.975,12.975,0.3274,1411,462,120
MSUC09b,9.466,11.279,0.2971,2117,629,208
MSU01a,8.591,9.929,0.2733,1372,375,154
MSU01b,8.564,9.949,0.4023,348,140,39
MSU02a,7.182,8.432,0.2504,1126,282,132
MSU02b,6.652,7.696,0.2629,1046,275,138
MSU03a,6.035,6.838,0.2791,1254,350,173
MSU03b,6.349,7.333,0.2874,929,267,126
MSU04a,6.437,7.364,0.205,2464,505,371
MSU04b,6.91,7.908,0.2085,2556,533,346
MSU05a,6.415,7.061,0.3355,623,209,82
MSU05b,6.477,7.326,0.302,649,196,86
MSU06a,4.735,5.31,0.2054,1957,402,313
MSU06b,5.401,6.177,0.2592,1088,282,147
MSU07a,4.113,4.066,0.291,591,172,106
MSU07b,3.342,3.441,0.3116,536,167,111
MSU08a,8.694,9.435,0.3471,1161,403,124
MSU08b,9.773,10.95,0.3227,1255,405,119
11-1,12.467,14.796,0.2831,1770,501,137
11-2,12.967,15.344,0.2651,2033,539,151
12-1,11.324,13.417,0.3352,1396,468,108
12-2,11.993,14.438,0.3221,1844,594,137
14-1,10.023,11.762,0.2437,2655,647,260
14-2,13.356,15.663,0.2892,2227,644,163
15-1,9.601,11.293,0.2867,1894,543,188
15-2,8.935,10.597,0.2174,2935,638,310
17-1,8.397,10.063,0.3106,1584,492,174
17-2,8.915,10.668,0.2667,2066,551,211
18-1,10.697,12.675,0.2466,2624,647,234
18-2,11.284,13.337,0.2486,2220,552,190
19-1,9.655,11.64,0.3036,1950,592,197
19-2,11.435,13.537,0.3219,1771,570,147
2-1,9.301,10.798,0.2049,3772,773,386
2-2,10.65,12.63,0.2005,4025,807,357
20-1,9.125,10.562,0.2146,3901,837,409
20-2,8.871,10.206,0.2385,3149,751,349
24-1,9.971,11.809,0.2711,1852,502,173
24-2,11.085,13.098,0.2436,2849,694,246
26-1,9.626,11.309,0.3244,1233,400,123
26-2,10.851,12.764,0.294,1653,486,148
27-1,9.532,11.273,0.2587,1515,392,154
27-2,9.556,11.171,0.2416,2078,502,205
28-1,9.287,11.158,0.2728,1961,535,202
28-2,9.742,11.779,0.2768,1633,452,163
29-1,9.202,10.826,0.3674,1097,403,109
29-2,9.138,10.869,0.3249,1305,424,130
38-1,12.731,14.888,0.2722,2612,711,197
38-2,12.126,14.26,0.2248,4488,1009,342
39-1,10.617,12.523,0.3199,1416,453,128
39-2,10.491,12.356,0.2945,1861,548,163
4-1,7.854,9.362,0.3726,1087,405,130
4-2,8.21,9.887,0.3684,1102,406,124
40-1,9.322,11.025,0.335,1203,403,118
40-2,7.967,9.467,0.306,1559,477,184
43-1,8.022,9.414,0.2268,3928,891,454
43-2,8.06,9.4,0.2259,3878,876,447
5-1,9.172,10.921,0.2347,2897,680,303
5-2,10.261,12.179,0.2128,3562,758,330
6-1,10.435,12.435,0.232,3405,790,313
6-2,11.632,13.776,0.2036,4666,950,380
62-1,9.336,11.0,0.2781,2359,656,238
62-2,10.07,12.04,0.2597,2880,748,272
7-1,11.946,14.054,0.2745,2233,613,166
7-2,11.503,13.686,0.2881,2277,656,175
8-1,9.301,11.169,0.3598,1559,561,166
8-2,8.972,10.785,0.3504,1641,575,177
42-1,8.537,10.113,0.2118,1676,355,177
42-2,8.504,10.074,0.1907,2244,428,244
45-1,9.546,11.243,0.1799,3251,585,280
45-2,9.224,10.901,0.1659,3713,616,313
46-1,2.344,2.844,0.4667,90,42,32
46-2,2.188,2.583,0.437,135,59,48
47-1,4.405,5.27,0.4605,215,99,37
47-2,3.818,4.614,0.4506,233,105,44
48-1,4.755,5.412,0.335,794,266,102
49-1,3.652,4.122,0.3266,591,193,115
49-2,3.233,3.722,0.4428,402,178,90
50-1,2.946,3.464,0.3852,257,99,56
50-2,2.608,3.176,0.4,235,94,51
52-1,9.73,11.553,0.2102,2597,546,237
52-2,8.765,10.354,0.1389,6753,938,672
54-1,3.393,3.944,0.3307,378,125,89
54-2,3.558,4.106,0.3617,459,166,104
55-1,8.257,9.216,0.2557,700,179,74
57-1,7.872,9.299,0.1757,2874,505,298
57-2,8.916,10.448,0.1795,3058,549,297
58-1,9.544,11.256,0.2776,1837,510,180
58-2,8.899,10.461,0.2795,2175,608,228
59-1,9.081,10.492,0.1999,2581,516,258
59-2,9.709,11.244,0.2079,2669,555,258
60-1,8.873,10.558,0.2419,2373,574,251
60-2,8.839,10.517,0.1637,6366,1042,669
61-1,8.269,9.509,0.2938,1028,302,108
61-2,6.976,8.167,0.2768,1015,281,126
63-1,7.643,9.043,0.3457,593,205,70
63-2,8.945,10.691,0.3021,1036,313,110
64-1,9.838,11.779,0.3588,733,263,68
64-2,8.901,10.84,0.3784,769,291,81
65-1,10.434,12.545,0.2737,2287,626,198
65-2,10.804,12.644,0.2281,3397,775,281
67-1,6.412,7.496,0.1993,1826,364,250
67-2,6.395,7.47,0.1862,2293,427,332
68-1,7.732,9.056,0.2102,590,124,71
68-2,6.346,7.365,0.1822,708,129,104
70-1,10.723,12.513,0.2718,1420,386,119
70-2,12.4,14.558,0.2568,1694,435,120
73-1,2.789,3.07,0.3718,234,87,71
73-2,2.989,3.185,0.3363,333,112,92
74-1,9.259,10.974,0.2635,1867,492,189
74-2,9.569,11.383,0.2399,2126,510,209
75-1,6.369,7.369,0.2897,963,279,122
75-2,6.817,7.981,0.3128,908,284,104
77-1,8.824,10.23,0.3554,681,242,74
77-2,8.786,10.267,0.328,1183,388,131
103-1,10.333,11.995,0.2432,2097,510,192
103-2,9.529,11.145,0.2358,2926,690,289
107-1,10.029,11.899,0.2858,2222,635,207
107-2,8.537,10.152,0.315,1543,486,164
109-1,10.267,12.0,0.1684,3937,663,352
109-2,8.513,9.888,0.2097,2770,581,304
115-1,8.238,9.663,0.1853,5932,1099,703
115-2,7.668,9.019,0.1559,9344,1457,1196
116-1,9.743,11.627,0.2589,3171,821,300
116-2,11.34,13.429,0.2384,4027,960,326
117-1,9.454,11.197,0.186,6571,1222,659
117-2,9.303,11.041,0.2009,5964,1198,613
118-1,9.101,10.839,0.1845,5649,1042,595
118-2,8.4,9.941,0.2373,2954,701,340
136-1,9.651,11.344,0.2197,4014,882,398
136-2,9.554,11.423,0.2266,3579,811,345
138-1,9.398,11.0,0.2429,2688,653,274
138-2,8.772,10.17,0.222,3495,776,382
147-1,9.202,10.93,0.2738,2082,570,213
147-2,9.463,11.223,0.1883,4795,903,475
156-1,9.247,10.941,0.1899,5749,1092,578
156-2,9.764,11.531,0.173,7780,1346,732
158-1,10.815,12.658,0.2261,3424,774,298
158-2,10.847,12.85,0.2051,3999,820,353
159-1,8.925,10.465,0.2321,3615,839,387
159-2,9.158,10.788,0.2332,3752,875,387
162-1,7.854,9.334,0.2558,2631,673,314
162-2,8.344,9.96,0.2606,2609,680,299
165-1,9.34,10.911,0.1815,4600,835,450
165-2,9.809,11.557,0.1846,3889,718,361
166-1,8.276,9.713,0.2246,3152,708,373
166-2,8.237,9.703,0.1775,4333,769,518
172-1,10.989,12.81,0.1866,6179,1153,546
172-2,9.965,11.676,0.1784,6389,1140,632
173-1,9.802,11.507,0.2459,3453,849,339
173-2,8.539,10.037,0.211,4279,903,484
174-1,9.533,11.187,0.3137,1782,559,182
174-2,9.031,10.699,0.3104,2397,744,259
175-1,8.606,10.153,0.1685,6036,1017,673
175-2,8.05,9.675,0.2131,4171,889,498
176-1,7.565,9.09,0.2362,3577,845,444
176-2,7.616,9.052,0.2272,3842,873,482
180-1,8.798,10.317,0.2412,3408,822,356
180-2,8.421,9.965,0.2457,3187,783,340
182-1,11.048,12.976,0.2191,4805,1053,419
182-2,11.38,13.21,0.1993,5620,1120,476
186-1,11.019,12.816,0.1854,6418,1190,526
186-2,10.663,12.565,0.2153,3776,813,306
187-1,9.128,10.764,0.2374,3277,778,313
187-2,10.084,11.755,0.2128,4328,921,380
189-1,8.098,9.574,0.2313,3822,884,439
189-2,7.841,9.263,0.2009,4708,946,558
19-1,9.053,10.69,0.1408,10884,1533,1151
19-2,8.956,10.647,0.1751,6757,1183,726
191-1,8.675,10.303,0.1868,7564,1413,834
191-2,9.535,11.231,0.1921,7273,1397,735
192-1,9.115,10.556,0.1771,6792,1203,689
192-2,9.746,11.295,0.1875,5797,1087,539
194-1,10.417,12.148,0.1498,8230,1233,738
194-2,11.205,13.057,0.1825,5130,936,419
198-1,9.929,11.647,0.2394,2748,658,255
198-2,10.441,12.311,0.2362,3213,759,286
209-1,8.312,9.928,0.3214,1226,394,138
209-2,8.764,10.396,0.3834,999,383,106
268-1,8.163,9.6,0.1883,4885,920,570
268-2,8.322,9.863,0.2027,3917,794,453
269-1,9.191,10.889,0.2111,3918,827,413
269-2,9.942,11.745,0.2325,3394,789,329
277-1,13.667,16.156,0.2537,3835,973,276
277-2,12.459,14.492,0.2691,3055,822,242
280-1,9.902,11.63,0.1911,4693,897,449
280-2,10.179,12.028,0.1943,5399,1049,497
281-1,10.255,12.0,0.2212,4725,1045,440
281-2,12.489,14.591,0.2043,5830,1191,450
282-1,8.724,10.197,0.1997,4958,990,548
282-2,9.576,11.259,0.197,4715,929,474
296-1,9.401,11.076,0.2378,2885,686,289
296-2,9.937,11.701,0.2342,2903,680,271
300-1,7.896,9.389,0.2466,4473,1103,547
300-2,8.442,10.06,0.2444,4403,1076,502
322-1,9.027,10.737,0.3046,2475,754,262
322-2,9.237,11.024,0.226,5101,1153,532
323-1,7.814,9.143,0.2266,3093,701,370
323-2,7.894,9.336,0.236,2839,670,339
328-1,9.86,11.577,0.2157,4696,1013,456
328-2,11.365,13.411,0.2002,5474,1096,460
330-1,9.322,11.19,0.2215,4049,897,400
330-2,9.19,10.937,0.2288,3439,787,347
332-1,9.324,10.905,0.2104,3531,743,358
332-2,8.922,10.313,0.1969,3717,732,396
339-1,8.461,9.843,0.2437,2347,572,254
339-2,7.854,9.285,0.1836,4803,882,576
341-1,7.95,9.442,0.2128,4093,871,505
341-2,8.107,9.55,0.149,9239,1377,1120
344-1,9.754,11.608,0.216,5911,1277,590
344-2,10.461,12.431,0.1893,6660,1261,605
348-1,7.548,8.827,0.2009,3653,734,462
348-2,7.908,9.269,0.2269,2878,653,346
352-1,8.535,10.169,0.2081,4407,917,490
352-2,9.027,10.694,0.175,6155,1077,657
357-1,12.781,14.95,0.2705,3105,840,219
357-2,12.399,14.652,0.255,3239,826,233
358-1,9.668,11.342,0.2072,3730,773,374
358-2,9.91,11.696,0.2044,4114,841,398
359-1,8.152,9.609,0.1968,4264,839,488
359-2,8.589,10.223,0.1952,4328,845,470
360-1,9.14,10.746,0.2829,2252,637,228
360-2,9.738,11.559,0.2703,2764,747,263
361-1,9.938,11.879,0.2636,2363,623,224
361-2,9.981,11.976,0.2695,2200,593,210
362-1,9.795,11.502,0.2741,2182,598,219
362-2,9.871,11.544,0.2352,3176,747,318
363-1,10.444,12.415,0.2124,4444,944,390
363-2,11.799,13.996,0.2329,3606,840,273
364-1,9.498,11.196,0.1877,5502,1033,556
364-2,9.747,11.4,0.1902,5258,1000,517
367-1,10.218,12.096,0.2413,2972,717,280
367-2,10.141,12.151,0.2691,2237,602,205
368-1,8.627,10.158,0.2085,2811,586,316
368-2,8.548,10.035,0.1867,3251,607,372
370-1,8.76,10.278,0.1713,6796,1164,741
370-2,8.496,9.863,0.1632,6821,1113,772
371-1,8.428,9.958,0.2061,5357,1104,612
371-2,8.401,9.909,0.1869,5678,1061,649
374-1,10.464,12.448,0.2143,4997,1071,440
374-2,9.939,11.648,0.2106,5289,1114,495
379-1,9.011,10.574,0.1913,4559,872,458
379-2,9.022,10.65,0.187,4782,894,446
381-1,10.839,12.753,0.2842,2132,606,186
381-2,11.791,13.93,0.278,2140,595,172
383-1,11.07,13.122,0.2113,4793,1013,401
383-2,10.921,13.108,0.2221,4430,984,378
384-1,10.377,12.396,0.3009,2227,670,207
384-2,10.178,12.031,0.3187,1729,551,163
388-1,10.041,11.849,0.2146,4241,910,390
388-2,10.523,12.63,0.2363,3728,881,327
389-1,10.167,12.025,0.2615,2967,776,276
389-2,11.979,14.054,0.2231,4101,915,331
390-1,9.503,11.399,0.3587,1408,505,143
390-2,9.657,11.691,0.3528,1794,633,181
393-1,10.335,12.048,0.2026,5246,1063,484
393-2,10.327,12.051,0.2665,2961,789,275
395-1,8.986,10.532,0.1815,5329,967,558
395-2,8.422,9.919,0.2362,3053,721,344
45-1,9.391,11.053,0.2828,2341,662,243
45-2,10.541,12.334,0.2458,3178,781,296
56-1,11.168,13.246,0.2277,3434,782,280
56-2,13.355,15.74,0.2155,3657,788,242
64-1,8.863,10.417,0.2077,5306,1102,554
64-2,9.565,11.26,0.1833,6273,1150,600
8-1,8.783,10.365,0.1977,4892,967,520
8-2,9.019,10.672,0.2071,4625,958,464
106-1,8.364,9.917,0.3222,1170,377,132
106-2,8.546,10.032,0.3024,1690,511,185
250-1,6.822,7.559,0.1504,6425,966,898
250-2,8.632,9.854,0.1974,4606,909,500
100-1,5.58,6.424,0.2748,1252,344,205
100-2,6.284,7.083,0.2851,1147,327,169
101-1,6.228,7.27,0.1807,3050,551,356
101-2,6.047,7.011,0.1514,4017,608,471
104-1,4.472,5.067,0.3428,598,205,89
104-2,5.027,5.613,0.3904,543,212,75
105-1,8.199,9.739,0.1614,5055,816,593
105-2,8.529,10.132,0.2091,3046,637,342
110-1,4.396,5.154,0.184,1484,273,240
110-2,4.066,4.753,0.1798,1446,260,259
120-1,11.188,13.124,0.1912,3939,753,330
120-2,11.056,13.087,0.2201,2976,655,252
122-1,8.207,9.683,0.1989,3760,748,435
122-2,8.395,9.935,0.1998,3999,799,448
123-1,5.157,6.018,0.2287,892,204,166
123-2,5.689,6.542,0.2107,1761,371,286
125-1,8.712,10.066,0.1739,4078,709,392
125-2,7.726,9.045,0.1732,3891,674,419
127-1,6.912,8.246,0.3451,875,302,114
127-2,7.494,8.765,0.3009,1293,389,162
128-1,6.857,8.143,0.2213,2521,558,336
128-2,6.753,8.024,0.1908,3029,578,409
132-1,7.138,8.239,0.177,2774,491,348
132-2,7.251,8.392,0.1757,2794,491,339
133-1,6.754,7.902,0.1322,5455,721,767
133-2,7.591,8.849,0.1183,6464,765,834
171-1,6.854,7.884,0.1475,8606,1269,1205
171-2,7.307,8.344,0.2191,2492,546,326
179-1,9.465,11.168,0.248,1742,432,155
179-2,8.174,9.723,0.2816,1456,410,155
197-1,2.537,2.86,0.2932,399,117,121
197-2,2.984,3.439,0.2983,466,139,123
199-1,4.884,5.761,0.3507,1497,525,251
199-2,5.102,6.102,0.44,891,392,147
200-1,7.106,8.255,0.1581,1588,251,208
200-2,7.632,8.765,0.1467,1888,277,234
202-1,4.791,5.382,0.2126,1402,298,254
202-2,4.915,5.671,0.1915,1791,343,316
203-1,8.234,9.703,0.1842,2209,407,222
203-2,8.46,10.16,0.2275,1644,374,163
205-1,8.857,10.385,0.1404,5070,712,488
205-2,8.936,10.519,0.1361,5068,690,472
206-1,3.614,4.447,0.1503,2183,328,264
206-2,3.503,4.475,0.1725,1507,260,181
208-1,7.948,9.177,0.2162,2109,456,231
208-2,7.942,9.238,0.2394,1821,436,189
225-1,7.115,8.365,0.2646,1610,426,200
225-2,7.207,8.535,0.3015,1652,498,213
228-1,3.247,3.614,0.152,1934,294,308
228-2,3.003,3.376,0.143,1783,255,298
230-1,1.507,1.642,0.3353,167,56,67
230-2,1.696,2.0,0.2996,257,77,92
231-1,8.638,10.182,0.1237,7398,915,792
231-2,9.131,10.744,0.1273,7842,998,793
234-1,7.94,9.244,0.1789,4594,822,554
234-2,7.965,9.277,0.1633,5150,841,624
236-1,9.946,11.414,0.126,5351,674,478
236-2,10.588,12.088,0.1406,4608,648,398
243-1,8.096,9.38,0.2538,2061,523,208
243-2,8.886,10.415,0.2765,1855,513,176
249-1,6.784,7.898,0.2019,2685,542,334
249-2,6.813,7.934,0.1801,2970,535,364
254-1,2.118,2.555,0.1965,346,68,110
254-2,2.266,2.646,0.2232,233,52,79
270-1,9.691,11.375,0.194,3289,638,291
270-2,10.749,12.687,0.1786,4232,756,355
271-1,4.741,5.37,0.2218,1492,331,270
271-2,5.377,6.112,0.223,1426,318,215
273-1,5.203,6.056,0.281,1128,317,197
273-2,5.743,6.651,0.2515,1535,386,241
276-1,9.783,11.546,0.2055,4978,1023,465
276-2,11.193,13.275,0.2521,3225,813,269
284-1,9.192,10.942,0.276,2098,579,208
284-2,9.271,10.922,0.2829,2015,570,192
285-1,8.294,9.589,0.2302,2029,467,231
285-2,7.557,8.714,0.2776,1531,425,185
286-1,7.882,9.294,0.4254,677,288,85
286-2,7.266,8.523,0.4077,802,327,109
287-1,4.349,4.987,0.2937,1345,395,298
287-2,4.313,5.0,0.2677,1468,393,326
303-1,6.727,7.901,0.1713,4011,687,575
303-2,7.192,8.376,0.2136,2879,615,375
305-1,9.581,11.556,0.2861,1646,471,160
305-2,9.166,10.886,0.2841,1721,489,175
307-1,4.653,5.102,0.251,1219,306,196
307-2,5.005,5.748,0.2739,1318,361,206
312-1,6.466,7.483,0.1844,1898,350,232
312-2,6.189,7.217,0.1963,1763,346,249
317-1,7.582,8.978,0.2467,2124,524,273
317-2,8.069,9.53,0.2456,2068,508,247
347-1,4.414,5.158,0.1504,1004,151,215
347-2,4.963,5.675,0.1503,1264,190,243
353-1,3.361,4.02,0.4347,750,326,202
353-2,3.69,4.592,0.4213,743,313,174
354-1,7.8,9.256,0.2686,1694,455,195
354-2,8.318,9.821,0.2468,2042,504,223
355-1,7.433,8.672,0.1524,5484,836,695
355-2,7.745,9.078,0.1065,9685,1031,1174
65-1,9.213,10.851,0.1365,13146,1795,1352
65-2,8.811,10.334,0.1084,22076,2392,2391
68-1,9.758,11.253,0.1789,4756,851,458
68-2,9.718,11.439,0.1719,5551,954,524
69-1,6.254,7.319,0.3388,1408,477,213
69-2,6.421,7.497,0.3351,1334,447,195
72-1,8.679,10.17,0.2188,1664,364,159
72-2,8.984,10.444,0.2074,2059,427,189
74-1,,,0.6667,3,2,0
74-2,,,,0,0,0
79-1,7.743,9.101,0.2537,2002,508,218
79-2,9.029,10.531,0.1841,3700,681,350
81-1,7.127,8.317,0.1476,10197,1505,1317
81-2,7.669,8.989,0.1227,15440,1894,1873
83-1,8.037,9.367,0.192,3802,730,403
83-2,8.2,9.485,0.2188,2898,634,305
84-1,11.382,13.124,0.1853,4340,804,364
84-2,11.673,13.667,0.1882,4170,785,342
85-1,7.548,8.9,0.323,1991,643,241
85-2,8.18,9.459,0.3845,1511,581,172
86-1,7.032,8.047,0.1534,5861,899,709
86-2,6.994,8.058,0.1844,3790,699,467
88-1,8.54,10.143,0.2871,2031,583,224
88-2,9.688,11.409,0.2235,3445,770,340
90-1,5.685,6.546,0.2994,1690,506,216
90-2,6.357,7.379,0.3143,1855,583,224
92-1,8.108,9.539,0.2003,5251,1052,609
92-2,9.515,11.193,0.2233,4724,1055,466
95-1,7.459,8.779,0.1046,18027,1885,2272
95-2,7.618,8.866,0.1379,9168,1264,1119
96-1,8.156,9.47,0.1376,4550,626,506
96-2,7.562,8.815,0.1718,3243,557,395
99-1,9.65,11.402,0.1764,5192,916,468
99-2,9.105,10.84,0.1882,4597,865,438
richardson165,9.673,11.388,0.3112,977,304,98
richardson166,9.767,11.317,0.3799,616,234,60
richardson167,10.343,12.543,0.3555,751,267,70
richardson168,10.649,12.757,0.4433,406,180,37
richardson169,8.818,10.409,0.3951,615,243,66
richardson17,9.987,11.733,0.2269,3164,718,300
richardson170,8.49,10.184,0.4167,456,190,49
richardson171,9.809,11.17,0.38,500,190,47
richardson172,12.648,14.887,0.3144,932,293,71
richardson173,9.453,11.0,0.2894,940,272,95
richardson174,9.461,11.368,0.3579,774,277,76
richardson175,12.0,14.085,0.3952,587,232,47
richardson176,7.12,8.62,0.4213,375,158,50
richardson177,6.324,7.676,0.5773,291,168,37
richardson178,8.984,10.629,0.3786,560,212,62
richardson179,10.629,12.593,0.2854,1594,455,140
richardson18,9.628,11.69,0.2915,1132,330,113
richardson184,8.109,9.359,0.3708,658,244,64
richardson185,9.268,10.972,0.3353,668,224,71
richardson186,10.829,12.743,0.3303,781,258,70
richardson188,10.774,13.032,0.337,718,242,62
richardson189,9.768,11.391,0.3476,702,244,69
richardson19,11.231,13.259,0.2825,1756,496,147
richardson191,9.861,12.0,0.4347,398,173,36
richardson192,12.043,14.0,0.3807,570,217,46
richardson194,12.708,15.108,0.3413,838,286,65
richardson195,10.022,11.674,0.3311,912,302,89
richardson196,9.5,11.257,0.2861,1426,408,140
richardson197,8.824,10.441,0.4824,313,151,34
richardson198,11.397,13.5,0.3845,684,263,58
richardson199,7.343,8.925,0.4205,516,217,67
richardson20,7.732,9.191,0.2249,2521,567,314
richardson200,8.648,9.889,0.3727,534,199,54
richardson201,9.636,11.288,0.3571,672,240,66
richardson202,9.011,10.811,0.3539,924,327,95
richardson203,10.743,12.495,0.2848,1141,325,101
richardson204,10.357,12.304,0.3607,646,233,56
richardson205,9.569,11.405,0.2857,1127,322,116
richardson206,7.378,8.583,0.3039,1066,324,127
richardson21,9.068,10.583,0.17,7614,1294,702
richardson22,8.513,10.056,0.2029,3179,645,341
richardson23,8.484,9.982,0.227,2599,590,281
richardson24,12.857,15.384,0.2842,1548,440,112
richardson25,9.76,11.36,0.2832,1289,365,125
richardson34,10.382,12.074,0.3629,722,262,68
richardson35,12.381,15.095,0.4559,272,124,21
richardson36,8.871,10.484,0.3664,696,255,62
richardson37,7.487,8.803,0.3879,593,230,76
richardson38,11.132,13.434,0.3936,625,246,53
richardson39,13.419,15.8,0.2993,1520,455,105
richardson41,8.736,10.516,0.3694,831,307,91
richardson42,6.225,7.648,0.4904,471,231,71
richardson54,9.348,10.812,0.2979,725,216,69
richardson58,11.051,12.983,0.3358,670,225,59
richardson59,13.707,15.693,0.3091,1071,331,75
richardson60,10.143,12.071,0.3271,752,246,70
richardson92,10.369,12.138,0.3595,701,252,65
richardson08a,7.182,8.349,0.192,3078,591,401
richardson09a,6.925,8.122,0.3107,1117,347,147
richardson10a,6.743,7.743,0.3835,738,283,105
richardson11a,5.332,6.323,0.2137,2064,441,368
richardson13a,1.837,2.082,0.3551,107,38,49
richardson14a,2.566,3.026,0.537,216,116,76
richardson15a,9.455,10.894,0.319,1348,430,132
richardson16a,7.143,8.615,0.3831,723,277,91
richardson17a,3.138,3.845,0.375,224,84,58
richardson19a,5.249,6.338,0.3675,1121,412,201
richardson20a,6.693,7.81,0.3352,1068,358,153
richardson21a,6.502,7.674,0.2532,1663,421,233
richardson23a,1.842,2.018,0.3657,134,49,57
richardson24a,3.773,4.383,0.2298,731,168,154
richardson25a,1.525,1.925,0.44,75,33,40
richardson26a,6.42,7.72,0.4082,708,289,100
richardson27a,4.459,5.276,0.2516,1550,390,333
richardson28a,7.626,9.09,0.2581,2755,711,334
richardson29a,8.036,9.656,0.3004,1914,575,224
richardson30a,7.601,8.962,0.2591,1258,326,158
richardson31a,5.867,7.051,0.4234,607,257,98
richardson33a,5.864,7.148,0.3514,572,201,81
scale01a,4.561,5.244,0.1925,935,180,164
scale02a,4.63,5.361,0.3043,792,241,108
scale02b,5.372,5.314,0.2176,1273,277,156
scale03a,2.036,2.37,0.5016,319,160,138
scale04a,2.179,2.482,0.309,547,169,168
scale05a,5.127,5.468,0.2461,508,125,79
scale05b,5.785,4.582,0.1964,611,120,79
scale05c,4.576,4.318,0.2637,493,130,85
scale06a,4.616,5.276,0.2744,1108,304,185
scale06b,5.779,6.351,0.2565,1002,257,131
scale06c,5.128,5.667,0.3088,965,298,156
scale06d,5.21,6.07,0.2621,1263,331,200
scale07a,2.16,2.534,0.1918,511,98,163
scale08a,6.322,6.939,0.2829,820,232,115
scale09a,2.512,2.463,0.3296,358,118,121
scale10a,2.226,2.512,0.3266,346,113,84
scale11a,8.561,9.959,0.2497,1754,438,171
scale11b,7.667,8.645,0.2869,1185,340,138
scale12a,3.192,3.519,0.3601,461,166,104
scale12b,4.481,4.701,0.3971,413,164,77
scale12c,4.741,5.198,0.4031,459,185,81
scale12d,5.527,5.893,0.3631,683,248,112
scale13a,3.269,3.397,0.1914,1306,250,219
scale14a,9.415,10.698,0.3906,530,207,53
scale14c,6.0,6.576,0.4304,388,167,59
scale15a,3.763,4.155,0.3654,405,148,97
scale15b,4.579,4.813,0.3321,554,184,107
scale15c,3.658,3.858,0.3706,483,179,120
scale15d,4.053,4.092,0.3242,657,213,131
scale16a,6.865,7.906,0.2251,2621,590,340
scale17a,5.612,6.252,0.2321,1426,331,214
scale17c,6.17,6.363,0.1907,1437,274,182
scale18a,4.809,5.532,0.3674,479,176,94
scale18b,5.795,4.53,0.2831,537,152,83
scale18c,5.337,4.855,0.3252,489,159,83
scale18d,4.982,4.054,0.2918,634,185,112
scale19a,3.504,3.87,0.3255,467,152,115
scale20a,8.394,8.83,0.2722,1036,282,94
scale21a,8.928,10.226,0.2431,2077,505,208
scale22a,6.855,7.753,0.2839,1307,371,186
scale23a,7.803,8.942,0.2793,1450,405,173
scale24a,6.0,7.0,0.3215,647,208,99
scale25a,7.088,7.802,0.2566,756,194,91
scale26a,3.17,2.943,0.2802,1042,292,265
scale27a,2.986,1.746,0.1294,309,40,71
scale28a,2.386,2.614,0.2551,243,62,57
scale30a,5.764,6.147,0.1602,1704,273,225
scale30b,5.862,6.145,0.1868,1183,221,159
scale31a,5.906,6.671,0.1752,1781,312,277
scale32a,7.264,7.771,0.2783,1139,317,144
scale33a,3.691,3.805,0.3517,708,249,149
scale34a,7.811,7.623,0.2379,866,206,106
scale35a,4.2,4.117,0.3451,339,117,60
scale36a,3.569,3.375,0.2887,679,196,144
scale38a,4.448,4.768,0.2722,687,187,125
tucson01a,6.69,7.735,0.3386,883,299,113
tucson02a,3.45,4.0,0.2369,553,131,100
tucson03a,8.434,10.163,0.2539,1276,324,129
tucson04a,6.22,7.576,0.3103,870,270,118
tucson06a,5.157,6.343,0.2053,940,193,108
tucson06b,6.302,6.73,0.3162,895,283,126
tucson07a,6.949,8.115,0.2414,1334,322,156
tucson08a,3.981,4.481,0.3102,561,174,108
tucson08b,5.889,6.521,0.2806,980,275,144
tucson09a,2.347,2.389,0.3267,251,82,72
tucson10a,5.475,5.513,0.3189,555,177,80
tucson11a,7.5,8.44,0.326,730,238,84
tucson12a,7.415,8.578,0.2938,1062,312,135
tucson13a,4.426,4.954,0.2376,1477,351,237
tucson14a,2.265,2.431,0.3474,308,107,102
tucson15a,5.065,5.805,0.3254,971,316,169
tucson15b,5.259,5.593,0.325,757,246,135
tucson16a,5.323,6.462,0.2708,517,140,65
tucson17a,4.479,4.425,0.2904,489,142,73
tucson18a,9.16,10.43,0.2514,1945,489,200
tucson19a,6.351,7.167,0.3199,816,261,114
tucson20a,7.108,7.835,0.198,1566,310,194
tucson22a,3.789,3.579,0.2565,464,119,95
williamson01a,6.316,6.368,0.2737,917,251,133
williamson02a,8.25,7.386,0.2574,983,253,88
williamson03a,8.918,9.32,0.215,1107,238,97
williamson04a,6.947,6.214,0.1649,1383,228,131
williamson05a,6.883,7.86,0.2784,1663,463,222
williamson06a,7.543,8.714,0.3013,1208,364,140
williamson07a,8.123,7.903,0.2102,2736,575,308
williamson08a,8.235,6.973,0.2099,1448,304,149
williamson09a,6.883,6.848,0.2022,1721,348,230
williamson09b,6.394,7.406,0.2496,1274,318,180
williamson10a,8.071,9.062,0.3133,1047,328,112
williamson11a,6.605,4.548,0.2358,1281,302,177
williamson12a,5.954,3.161,0.1949,631,123,87
williamson12b,4.321,3.422,0.2389,565,135,109
williamson13a,11.605,12.39,0.2407,2829,681,228
williamson14a,6.968,5.392,0.2169,1065,231,125
williamson14b,5.526,6.026,0.2808,819,230,116
williamson15a,10.689,9.311,0.3276,980,321,90
williamson16a,6.059,6.908,0.3169,1215,385,185
williamson17a,5.645,6.118,0.3211,679,218,110
williamson18a,6.053,6.716,0.2801,1328,372,190
williamson19a,3.287,3.037,0.3872,483,187,108
williamson21a,2.868,2.842,0.2068,266,55,76
williamson22a,3.236,2.368,0.3044,450,137,106
williamson23a,5.581,6.395,0.2229,1090,243,172
williamson24a,7.963,9.03,0.2591,1401,363,135
